{
    "__comment": "",
    "display": {
        "title": {
            "text": "Useless parkour to nowhere",
            "color": "dark_green",
            "bold": true,
            "italic": true
        },
        "description": {
            "text": "Complete the parkour that leads nowhere on the first island",
            "color": "gray",
            "bold": true
        },
        "icon": {
            "item": "minecraft:grass_block"
        },
        "frame": "goal",
        "show_toast": true,
        "announce_to_chat": false,
        "hidden": true,
        "background": "minecraft:textures/block/cyan_terracotta.png"
    },
    "criteria": {
        "1": {
            "trigger": "minecraft:impossible"
        }
    }
}