{
    "__comment": "",
    "display": {
        "title": {
            "text": "The 4 developer's secrets",
            "color": "gold",
            "bold": true,
            "italic": true
        },
        "description": {
            "text": "Find the 4 secrets, one in each section",
            "color": "gray",
            "bold": true
        },
        "icon": {
            "item": "minecraft:diamond_block"
        },
        "frame": "challenge",
        "show_toast": true,
        "announce_to_chat": false,
        "hidden": true
    },
    "criteria": {
        "1": {
            "trigger": "minecraft:impossible"
        }
    },
    "parent": "kinda_random:section_4"
}