{
    "__comment": "",
    "display": {
        "title": {
            "text": "Light from the dark tomb",
            "color": "dark_aqua",
            "bold": true,
            "italic": true
        },
        "description": {
            "text": "Discover the secret entrance in the black mausoleum",
            "color": "gray",
            "bold": true
        },
        "icon": {
            "item": "minecraft:nether_bricks"
        },
        "frame": "goal",
        "show_toast": true,
        "announce_to_chat": false,
        "hidden": true
    },
    "criteria": {
        "1": {
            "trigger": "minecraft:impossible"
        }
    },
    "parent": "kinda_random:section_3"
}