{
    "__comment": "",
    "display": {
        "title": {
            "text": "Crawling inside the tree",
            "color": "red",
            "bold": true,
            "italic": true
        },
        "description": {
            "text": "Find another way on the tree to end the section",
            "color": "gray",
            "bold": true
        },
        "icon": {
            "item": "minecraft:acacia_wood"
        },
        "frame": "goal",
        "show_toast": true,
        "announce_to_chat": false,
        "hidden": true
    },
    "criteria": {
        "1": {
            "trigger": "minecraft:impossible"
        }
    },
    "parent": "kinda_random:section_2"
}