{
    "__comment": "",
    "display": {
        "title": {
            "text": "Fall behind the scenes",
            "color": "white",
            "bold": true,
            "italic": true
        },
        "description": {
            "text": "Fall from the tower of section 2 onto the secret platform at the bottom",
            "color": "gray",
            "bold": true
        },
        "icon": {
            "item": "minecraft:smooth_quartz"
        },
        "frame": "goal",
        "show_toast": true,
        "announce_to_chat": false,
        "hidden": true
    },
    "criteria": {
        "1": {
            "trigger": "minecraft:impossible"
        }
    },
    "parent": "kinda_random:root"
}