{
    "__comment": "Nintendo, give us Metroid!",
    "textures": {
	    "particle": "items/snowball",
        "0": "items/snowball"
    },
    "elements": [
        {
            "name": "Cube",
            "from": [ 7.500000007450581, 9.200000002980232, 7.500000007450581 ], 
            "to": [ 8.50000000745058, 10.200000002980232, 8.50000000745058 ], 
            "faces": {
                "north": { "texture": "#0", "uv": [ 0.0, 0.0, 4.0, 4.0 ] },
                "east": { "texture": "#0", "uv": [ 1.0, 3.0, 5.0, 7.0 ] },
                "south": { "texture": "#0", "uv": [ 7.0, 7.0, 11.0, 11.0 ] },
                "west": { "texture": "#0", "uv": [ 2.0, 8.0, 6.0, 12.0 ] },
                "up": { "texture": "#0", "uv": [ 5.0, 6.0, 9.0, 10.0 ] },
                "down": { "texture": "#0", "uv": [ 7.0, 3.0, 11.0, 7.0 ] }
            }
        },
        {
            "name": "Cube",
            "from": [ 7.4000000059604645, 9.300000004470348, 7.600000008940697 ], 
            "to": [ 7.499999992549419, 10.100000001490116, 8.400000005960464 ], 
            "faces": {
                "north": { "texture": "#0", "uv": [ 10.0, 10.0, 10.999999988079072, 12.999999994039534 ] },
                "south": { "texture": "#0", "uv": [ 12.0, 9.0, 12.999999988079072, 11.999999994039536 ] },
                "west": { "texture": "#0", "uv": [ 12.0, 12.0, 14.999999994039534, 14.999999994039536 ] },
                "up": { "texture": "#0", "uv": [ 12.0, 10.0, 12.999999988079072, 12.999999994039536 ] },
                "down": { "texture": "#0", "uv": [ 10.0, 11.0, 10.999999988079072, 13.999999994039536 ] }
            }
        },
        {
            "name": "Cube",
            "from": [ 8.50000000745058, 9.300000004470348, 7.600000008940697 ], 
            "to": [ 8.599999994039536, 10.100000001490116, 8.400000005960464 ], 
            "faces": {
                "north": { "texture": "#0", "uv": [ 3.0, 10.0, 3.9999999880790718, 12.999999994039534 ] },
                "east": { "texture": "#0", "uv": [ 7.0, 7.0, 9.999999994039536, 9.999999994039536 ] },
                "south": { "texture": "#0", "uv": [ 6.0, 8.0, 6.999999988079072, 10.999999994039536 ] },
                "up": { "texture": "#0", "uv": [ 9.0, 8.0, 9.999999988079072, 10.999999994039536 ] },
                "down": { "texture": "#0", "uv": [ 6.0, 10.0, 6.999999988079072, 12.999999994039536 ] }
            }
        },
        {
            "name": "Cube",
            "from": [ 7.5999999940395355, 9.300000004470348, 7.400000020861626 ], 
            "to": [ 8.399999991059303, 10.100000001490116, 7.500000007450581 ], 
            "faces": {
                "north": { "texture": "#0", "uv": [ 4.0, 9.0, 6.999999988079072, 11.999999994039534 ] },
                "east": { "texture": "#0", "uv": [ 4.0, 8.0, 6.999999994039536, 8.999999994039536 ] },
                "west": { "texture": "#0", "uv": [ 7.0, 4.0, 9.999999994039534, 4.999999994039536 ] },
                "up": { "texture": "#0", "uv": [ 5.0, 9.0, 7.999999988079072, 9.999999994039536 ] },
                "down": { "texture": "#0", "uv": [ 7.0, 5.0, 9.999999988079072, 5.999999994039536 ] }
            }
        },
        {
            "name": "Cube",
            "from": [ 7.599999979138374, 9.300000004470348, 8.500000022351742 ], 
            "to": [ 8.399999976158142, 10.100000001490116, 8.600000008940697 ], 
            "faces": {
                "east": { "texture": "#0", "uv": [ 13.0, 9.0, 15.999999994039536, 9.999999994039536 ] },
                "south": { "texture": "#0", "uv": [ 13.0, 13.0, 15.999999988079072, 15.999999994039536 ] },
                "west": { "texture": "#0", "uv": [ 10.0, 12.0, 12.999999994039534, 12.999999994039536 ] },
                "up": { "texture": "#0", "uv": [ 10.0, 13.0, 12.999999988079072, 13.999999994039536 ] },
                "down": { "texture": "#0", "uv": [ 12.0, 8.0, 14.999999988079072, 8.999999994039536 ] }
            }
        }
    ]
}