{
    "__comment": "Alien",
    "textures": {
        "particle": "blocks/alien_face",
        "0": "blocks/alien_face",
        "1": "blocks/alien_side1",
        "2": "blocks/alien_back",
        "3": "blocks/alien_side2",
        "4": "blocks/alien_top",
        "5": "blocks/alien_under"
    },
    "elements": [
        {
            "name": "Cube",
            "from": [ 0.29999998956918716, 4.0, 0.29999998956918716 ], 
            "to": [ 15.699999995529652, 19.400000005960464, 15.699999995529652 ], 
            "faces": {
                "north": { "texture": "#0", "uv": [ 0.0, 0.0, 16.0, 16.0 ] },
                "east": { "texture": "#1", "uv": [ 0.0, 0.0, 16.0, 16.0 ] },
                "south": { "texture": "#2", "uv": [ 0.0, 0.0, 16.0, 16.0 ] },
                "west": { "texture": "#3", "uv": [ 0.0, 0.0, 16.0, 16.0 ] },
                "up": { "texture": "#4", "uv": [ 0.0, 0.0, 16.0, 16.0 ] },
                "down": { "texture": "#5", "uv": [ 0.0, 0.0, 16.0, 16.0 ] }
            }
        },
        {
            "name": "Cube",
            "from": [ 2.4999999925494194, 20.50000000745058, 4.499999992549419 ], 
            "to": [ 6.499999992549419, 22.50000000745058, 15.49999999254942 ], 
            "rotation": { "origin": [ 8.0, 8.0, 8.0 ], "axis": "x", "angle": -22.5 },
            "faces": {
                "north": { "texture": "#4", "uv": [ 1.0, 3.0, 5.0, 5.0 ] },
                "east": { "texture": "#4", "uv": [ 1.0, 6.0, 12.0, 8.0 ] },
                "south": { "texture": "#4", "uv": [ 11.0, 2.0, 15.0, 4.0 ] },
                "west": { "texture": "#4", "uv": [ 2.0, 4.0, 13.0, 6.0 ] },
                "up": { "texture": "#4", "uv": [ 11.0, 2.0, 15.0, 13.0 ] },
                "down": { "texture": "#4", "uv": [ 15.0, 2.0, 11.0, 13.0 ] }
            }
        },
        {
            "name": "Cube",
            "from": [ 9.49999999254942, 20.50000000745058, 4.499999992549419 ], 
            "to": [ 13.49999999254942, 22.50000000745058, 15.49999999254942 ], 
            "rotation": { "origin": [ 8.0, 8.0, 8.0 ], "axis": "x", "angle": -22.5 },
            "faces": {
                "north": { "texture": "#4", "uv": [ 11.0, 3.0, 15.0, 5.0 ] },
                "east": { "texture": "#4", "uv": [ 2.0, 6.0, 13.0, 8.0 ] },
                "south": { "texture": "#4", "uv": [ 1.0, 2.0, 5.0, 4.0 ] },
                "west": { "texture": "#4", "uv": [ 4.0, 4.0, 15.0, 6.0 ] },
                "up": { "texture": "#4", "uv": [ 1.0, 2.0, 5.0, 13.0 ] },
                "down": { "texture": "#4", "uv": [ 5.0, 2.0, 1.0, 13.0 ] }
            }
        }
    ]
}