{
    "__comment": "My head",
    "textures": {
        "particle": "blocks/pmk_front",
        "0": "blocks/pmk_front",
        "1": "blocks/pmk_side",
        "2": "blocks/pmk_back",
        "3": "blocks/pmk_top",
        "4": "blocks/pmk_under",
        "5": "blocks/pmk_face",
        "6": "blocks/pmk_hair",
        "7": "blocks/pmk_evil",
        "8": "blocks/pmk_neck"
    },
    "elements": [
        {
            "name": "Cube",
            "from": [ 0.29999998956918716, 0.0, 0.29999998956918716 ], 
            "to": [ 15.699999995529652, 13.0, 15.699999995529652 ], 
            "faces": {
                "north": { "texture": "#0", "uv": [ 0.0, 2.0, 16.0, 16.0 ] },
                "east": { "texture": "#1", "uv": [ 0.0, 2.0, 16.0, 16.0 ] },
                "south": { "texture": "#2", "uv": [ 0.0, 2.0, 16.0, 16.0 ] },
                "west": { "texture": "#1", "uv": [ 2.0, 0.0, 16.0, 16.0 ], "rotation": 90 },
                "up": { "texture": "#3", "uv": [ 0.0, 0.0, 16.0, 16.0 ] },
                "down": { "texture": "#4", "uv": [ 0.0, 0.0, 16.0, 16.0 ] }
            }
        },
        {
            "name": "Cube",
            "from": [ 2.2000000029802322, 13.0, 0.29999998956918716 ], 
            "to": [ 13.799999997019768, 15.0, 15.699999995529652 ], 
            "faces": {
                "north": { "texture": "#0", "uv": [ 2.0, 0.0, 14.0, 2.0 ] },
                "east": { "texture": "#1", "uv": [ 0.0, 2.0, 16.0, 4.0 ] },
                "south": { "texture": "#4", "uv": [ 2.0, 0.0, 14.0, 2.0 ] },
                "west": { "texture": "#1", "uv": [ 0.0, 2.0, 3.0, 2.0 ] },
                "up": { "texture": "#3", "uv": [ 2.0, 0.0, 14.0, 16.0 ] }
            }
        },
        {
            "name": "Cube",
            "from": [ 0.29999998956918716, 13.0, 2.2000000029802322 ], 
            "to": [ 2.2000000029802322, 15.0, 13.800000011920929 ], 
            "faces": {
                "north": { "texture": "#2", "uv": [ 0.0, 2.0, 2.0, 4.0 ] },
                "south": { "texture": "#2", "uv": [ 0.0, 2.0, 2.0, 4.0 ] },
                "west": { "texture": "#1", "uv": [ 0.0, 6.0, 16.0, 8.0 ] },
                "up": { "texture": "#3", "uv": [ 14.0, 2.0, 16.0, 14.0 ] }
            }
        },
        {
            "name": "Cube",
            "from": [ 13.799999982118607, 13.0, 2.2000000029802322 ], 
            "to": [ 15.699999995529652, 15.0, 13.799999997019768 ], 
            "faces": {
                "north": { "texture": "#0", "uv": [ 0.0, 2.0, 2.0, 4.0 ] },
                "east": { "texture": "#1", "uv": [ 0.0, 2.0, 12.0, 4.0 ] },
                "south": { "texture": "#2", "uv": [ 0.0, 4.0, 2.0, 6.0 ] },
                "up": { "texture": "#3", "uv": [ 0.0, 2.0, 2.0, 14.0 ] }
            }
        },
        {
            "name": "Cube",
            "from": [ 1.4999999925494194, 0.200000002980232, 0.4999999925494194 ], 
            "to": [ 14.49999999254942, 12.799999997019768, 13.49999999254942 ], 
            "faces": {
                "north": { "texture": "#5", "uv": [ 0.0, 0.0, 16.0, 16.0 ] },
                "east": { "texture": "#6", "uv": [ 0.0, 0.0, 16.0, 16.0 ] },
                "south": { "texture": "#7", "uv": [ 0.0, 0.0, 16.0, 16.0 ] },
                "west": { "texture": "#6", "uv": [ 0.0, 0.0, 16.0, 16.0 ] },
                "up": { "texture": "#6", "uv": [ 0.0, 0.0, 16.0, 16.0 ] },
                "down": { "texture": "#8", "uv": [ 0.0, 0.0, 16.0, 16.0 ] }
            }
        }
    ],
	 "display": {
 "gui": {
 "rotation": [ 30, 225, 0 ],
 "translation": [ 0, 0, 0],
 "scale":[ 0.625, 0.625, 0.625 ]
 },
 "ground": {
 "rotation": [ 0, 0, 0 ],
 "translation": [ 0, 3, 0],
 "scale":[ 0.25, 0.25, 0.25 ]
 },
 "fixed": {
 "rotation": [ 0, 0, 0 ],
 "translation": [ 0, 0, 0],
 "scale":[ 0.5, 0.5, 0.5 ]
 },
 "thirdperson_righthand": {
 "rotation": [ 75, 45, 0 ],
 "translation": [ 0, 2.5, 0],
 "scale": [ 0.375, 0.375, 0.375 ]
 },
 "firstperson_righthand": {
 "rotation": [ 0, 45, 0 ],
 "translation": [ 0, 0, 0 ],
 "scale": [ 0.40, 0.40, 0.40 ]
 },
 "firstperson_lefthand": {
 "rotation": [ 0, 225, 0 ],
 "translation": [ 0, 0, 0 ],
 "scale": [ 0.40, 0.40, 0.40 ]
 }
 }
}