{
    "textures": {
	    "particle": "blocks/artifact",
        "0": "blocks/artifact"
    },
    "elements": [
        {
            "name": "Cube",
            "from": [ 5.100000001490116, 1.0, 7.499999992549419 ], 
            "to": [ 12.100000001490116, 2.0, 8.49999999254942 ], 
            "rotation": { "origin": [ 8.0, 8.0, 8.0 ], "axis": "z", "angle": 22.5 },
            "faces": {
                "north": { "texture": "#0", "uv": [ 9.0, 5.0, 16.0, 6.0 ] },
                "east": { "texture": "#0", "uv": [ 10.0, 7.0, 11.0, 8.0 ] },
                "south": { "texture": "#0", "uv": [ 9.0, 12.0, 16.0, 13.0 ] },
                "west": { "texture": "#0", "uv": [ 12.0, 10.0, 13.0, 11.0 ] },
                "up": { "texture": "#0", "uv": [ 9.0, 8.0, 16.0, 9.0 ] },
                "down": { "texture": "#0", "uv": [ 9.0, 11.0, 16.0, 12.0 ] }
            }
        },
        {
            "name": "Cube",
            "from": [ 3.900000013411045, 1.0, 7.5999999940395355 ], 
            "to": [ 10.900000013411045, 2.0, 8.399999991059303 ], 
            "rotation": { "origin": [ 8.0, 8.0, 8.0 ], "axis": "z", "angle": -22.5 },
            "faces": {
                "north": { "texture": "#0", "uv": [ 8.0, 2.0, 15.0, 3.0 ] },
                "east": { "texture": "#0", "uv": [ 12.0, 13.0, 12.799999997019768, 14.0 ] },
                "south": { "texture": "#0", "uv": [ 8.0, 7.0, 15.0, 8.0 ] },
                "west": { "texture": "#0", "uv": [ 14.0, 14.0, 14.799999997019768, 15.0 ] },
                "up": { "texture": "#0", "uv": [ 9.0, 10.0, 16.0, 10.799999997019768 ] },
                "down": { "texture": "#0", "uv": [ 9.0, 5.0, 16.0, 5.799999997019768 ] }
            }
        },
        {
            "name": "Cube",
            "from": [ 2.7999999970197678, 11.49999999254942, 7.5999999940395355 ], 
            "to": [ 9.799999997019768, 12.49999999254942, 8.399999991059303 ], 
            "rotation": { "origin": [ 8.0, 8.0, 8.0 ], "axis": "z", "angle": 22.5 },
            "faces": {
                "north": { "texture": "#0", "uv": [ 9.0, 5.0, 16.0, 6.0 ] },
                "east": { "texture": "#0", "uv": [ 10.0, 7.0, 10.799999997019768, 8.0 ] },
                "south": { "texture": "#0", "uv": [ 9.0, 12.0, 16.0, 13.0 ] },
                "west": { "texture": "#0", "uv": [ 12.0, 10.0, 12.799999997019768, 11.0 ] },
                "up": { "texture": "#0", "uv": [ 9.0, 8.0, 16.0, 8.799999997019768 ] },
                "down": { "texture": "#0", "uv": [ 9.0, 11.0, 16.0, 11.799999997019768 ] }
            }
        },
        {
            "name": "Cube",
            "from": [ 1.4999999925494194, 3.100000001490116, 7.499999992549419 ], 
            "to": [ 2.4999999925494194, 10.100000001490116, 8.49999999254942 ], 
            "faces": {
                "north": { "texture": "#0", "uv": [ 9.0, 5.0, 10.0, 12.0 ] },
                "east": { "texture": "#0", "uv": [ 10.0, 7.0, 11.0, 14.0 ] },
                "south": { "texture": "#0", "uv": [ 11.0, 9.0, 12.0, 16.0 ] },
                "west": { "texture": "#0", "uv": [ 12.0, 7.0, 13.0, 14.0 ] },
                "up": { "texture": "#0", "uv": [ 9.0, 8.0, 10.0, 9.0 ] },
                "down": { "texture": "#0", "uv": [ 9.0, 11.0, 10.0, 12.0 ] }
            }
        },
        {
            "name": "Cube",
            "from": [ 6.099999986588955, 11.49999999254942, 7.499999992549419 ], 
            "to": [ 13.099999986588955, 12.49999999254942, 8.49999999254942 ], 
            "rotation": { "origin": [ 8.0, 8.0, 8.0 ], "axis": "z", "angle": -22.5 },
            "faces": {
                "north": { "texture": "#0", "uv": [ 9.0, 5.0, 16.0, 6.0 ] },
                "east": { "texture": "#0", "uv": [ 10.0, 7.0, 11.0, 8.0 ] },
                "south": { "texture": "#0", "uv": [ 9.0, 12.0, 16.0, 13.0 ] },
                "west": { "texture": "#0", "uv": [ 12.0, 10.0, 13.0, 11.0 ] },
                "up": { "texture": "#0", "uv": [ 9.0, 8.0, 16.0, 9.0 ] },
                "down": { "texture": "#0", "uv": [ 9.0, 11.0, 16.0, 12.0 ] }
            }
        },
        {
            "name": "Cube",
            "from": [ 11.49999999254942, 1.1000000014901161, 7.5999999940395355 ], 
            "to": [ 12.49999999254942, 5.0, 8.399999991059303 ], 
            "rotation": { "origin": [ 8.0, 8.0, 8.0 ], "axis": "z", "angle": 22.5 },
            "faces": {
                "north": { "texture": "#0", "uv": [ 9.0, 5.0, 10.0, 8.899999998509884 ] },
                "east": { "texture": "#0", "uv": [ 10.0, 7.0, 10.799999997019768, 10.899999998509884 ] },
                "south": { "texture": "#0", "uv": [ 9.0, 12.0, 10.0, 15.899999998509884 ] },
                "west": { "texture": "#0", "uv": [ 12.0, 10.0, 12.799999997019768, 13.899999998509884 ] },
                "up": { "texture": "#0", "uv": [ 9.0, 8.0, 10.0, 8.799999997019768 ] },
                "down": { "texture": "#0", "uv": [ 9.0, 11.0, 10.0, 11.799999997019768 ] }
            }
        },
        {
            "name": "Cube",
            "from": [ 12.399999991059303, 8.49999999254942, 7.5999999940395355 ], 
            "to": [ 13.399999991059303, 12.399999991059303, 8.399999991059303 ], 
            "rotation": { "origin": [ 8.0, 8.0, 8.0 ], "axis": "z", "angle": -22.5 },
            "faces": {
                "north": { "texture": "#0", "uv": [ 9.0, 5.0, 10.0, 8.899999998509884 ] },
                "east": { "texture": "#0", "uv": [ 10.0, 7.0, 10.799999997019768, 10.899999998509884 ] },
                "south": { "texture": "#0", "uv": [ 9.0, 12.0, 10.0, 15.899999998509884 ] },
                "west": { "texture": "#0", "uv": [ 12.0, 10.0, 12.799999997019768, 13.899999998509884 ] },
                "up": { "texture": "#0", "uv": [ 9.0, 8.0, 10.0, 8.799999997019768 ] },
                "down": { "texture": "#0", "uv": [ 9.0, 11.0, 10.0, 11.799999997019768 ] }
            }
        },
        {
            "name": "Cube",
            "from": [ 6.499999992549419, 6.100000001490116, 7.499999992549419 ], 
            "to": [ 13.49999999254942, 7.100000001490116, 8.49999999254942 ], 
            "faces": {
                "north": { "texture": "#0", "uv": [ 9.0, 5.0, 16.0, 6.0 ] },
                "east": { "texture": "#0", "uv": [ 10.0, 7.0, 11.0, 8.0 ] },
                "south": { "texture": "#0", "uv": [ 9.0, 12.0, 16.0, 13.0 ] },
                "west": { "texture": "#0", "uv": [ 12.0, 10.0, 13.0, 11.0 ] },
                "up": { "texture": "#0", "uv": [ 9.0, 8.0, 16.0, 9.0 ] },
                "down": { "texture": "#0", "uv": [ 9.0, 11.0, 16.0, 12.0 ] }
            }
        },
        {
            "name": "Cube",
            "from": [ 6.500000007450581, 9.49999999254942, 7.499999992549419 ], 
            "to": [ 8.50000000745058, 10.49999999254942, 8.49999999254942 ], 
            "rotation": { "origin": [ 8.0, 8.0, 8.0 ], "axis": "z", "angle": 45.0 },
            "faces": {
                "north": { "texture": "#0", "uv": [ 4.0, 7.0, 6.0, 8.0 ] },
                "east": { "texture": "#0", "uv": [ 5.0, 11.0, 6.0, 12.0 ] },
                "south": { "texture": "#0", "uv": [ 4.0, 4.0, 6.0, 5.0 ] },
                "west": { "texture": "#0", "uv": [ 6.0, 10.0, 7.0, 11.0 ] },
                "up": { "texture": "#0", "uv": [ 5.0, 10.0, 7.0, 11.0 ] },
                "down": { "texture": "#0", "uv": [ 4.0, 4.0, 6.0, 5.0 ] }
            }
        },
        {
            "name": "Cube",
            "from": [ 7.699999995529652, 8.699999995529652, 7.499999992549419 ], 
            "to": [ 9.699999995529652, 10.699999995529652, 8.49999999254942 ], 
            "rotation": { "origin": [ 8.0, 8.0, 8.0 ], "axis": "z", "angle": -45.0 },
            "faces": {
                "north": { "texture": "#0", "uv": [ 4.0, 7.0, 6.0, 9.0 ] },
                "east": { "texture": "#0", "uv": [ 5.0, 11.0, 6.0, 13.0 ] },
                "south": { "texture": "#0", "uv": [ 4.0, 4.0, 6.0, 6.0 ] },
                "west": { "texture": "#0", "uv": [ 6.0, 10.0, 7.0, 12.0 ] },
                "up": { "texture": "#0", "uv": [ 5.0, 10.0, 7.0, 11.0 ] },
                "down": { "texture": "#0", "uv": [ 4.0, 4.0, 6.0, 5.0 ] }
            }
        },
        {
            "name": "Cube",
            "from": [ 7.100000001490116, 3.700000010430813, 7.499999992549419 ], 
            "to": [ 10.100000001490116, 4.700000010430813, 8.49999999254942 ], 
            "rotation": { "origin": [ 8.0, 8.0, 8.0 ], "axis": "z", "angle": -45.0 },
            "faces": {
                "north": { "texture": "#0", "uv": [ 3.0, 9.0, 6.0, 10.0 ] },
                "east": { "texture": "#0", "uv": [ 6.0, 11.0, 7.0, 12.0 ] },
                "south": { "texture": "#0", "uv": [ 2.0, 9.0, 5.0, 10.0 ] },
                "west": { "texture": "#0", "uv": [ 6.0, 10.0, 7.0, 11.0 ] },
                "up": { "texture": "#0", "uv": [ 4.0, 8.0, 7.0, 9.0 ] },
                "down": { "texture": "#0", "uv": [ 4.0, 4.0, 7.0, 5.0 ] }
            }
        },
        {
            "name": "Cube",
            "from": [ 7.100000001490116, 3.800000011920929, 7.499999992549419 ], 
            "to": [ 10.100000001490116, 4.800000011920929, 8.49999999254942 ], 
            "rotation": { "origin": [ 8.0, 8.0, 8.0 ], "axis": "z", "angle": 22.5 },
            "faces": {
                "north": { "texture": "#0", "uv": [ 4.0, 9.0, 7.0, 10.0 ] },
                "east": { "texture": "#0", "uv": [ 5.0, 11.0, 6.0, 12.0 ] },
                "south": { "texture": "#0", "uv": [ 3.0, 7.0, 6.0, 8.0 ] },
                "west": { "texture": "#0", "uv": [ 6.0, 10.0, 7.0, 11.0 ] },
                "up": { "texture": "#0", "uv": [ 5.0, 10.0, 8.0, 11.0 ] },
                "down": { "texture": "#0", "uv": [ 4.0, 4.0, 7.0, 5.0 ] }
            }
        },
        {
            "name": "Cube",
            "from": [ 3.100000001490116, 8.300000004470348, 7.499999992549419 ], 
            "to": [ 4.100000001490116, 9.300000004470348, 8.49999999254942 ], 
            "rotation": { "origin": [ 8.0, 8.0, 8.0 ], "axis": "z", "angle": 22.5 },
            "faces": {
                "north": { "texture": "#0", "uv": [ 4.0, 7.0, 5.0, 8.0 ] },
                "east": { "texture": "#0", "uv": [ 5.0, 11.0, 6.0, 12.0 ] },
                "south": { "texture": "#0", "uv": [ 4.0, 4.0, 5.0, 5.0 ] },
                "west": { "texture": "#0", "uv": [ 6.0, 10.0, 7.0, 11.0 ] },
                "up": { "texture": "#0", "uv": [ 5.0, 10.0, 6.0, 11.0 ] },
                "down": { "texture": "#0", "uv": [ 4.0, 4.0, 5.0, 5.0 ] }
            }
        }
    ]
}